排行榜,游戏名字,目前游戏价格?,游戏评价,游戏页面链接
1,Age of Empires IV, 248.00,"特别好评,2,955 篇用户的游戏评测中有 82% 为好评。",https://store.steampowered.com/app/1466860/Age_of_Empires_IV/?snr=1_7_7_globaltopsellers_150_1
2,Age of Empires IV, 248.00,"特别好评,2,955 篇用户的游戏评测中有 82% 为好评。",https://store.steampowered.com/app/1466860/Age_of_Empires_IV/?snr=1_7_7_globaltopsellers_150_1
3,喋血复仇, 298.00,"多半好评,11,315 篇用户的游戏评测中有 77% 为好评。",https://store.steampowered.com/app/924970/_/?snr=1_7_7_globaltopsellers_150_1
4,New World, 149.00,"多半好评,137,013 篇用户的游戏评测中有 75% 为好评。",https://store.steampowered.com/app/1063730/New_World/?snr=1_7_7_globaltopsellers_150_1
5,Phasmophobia,39.00,"好评如潮,279,945 篇用户的游戏评测中有 97% 为好评。",https://store.steampowered.com/app/739630/Phasmophobia/?snr=1_7_7_globaltopsellers_150_1
6,The Forest,28.00,"特别好评,261,015 篇用户的游戏评测中有 94% 为好评。",https://store.steampowered.com/app/242760/The_Forest/?snr=1_7_7_globaltopsellers_150_1
7,Red Dead Redemption 2,166.83,"特别好评,188,945 篇用户的游戏评测中有 86% 为好评。",https://store.steampowered.com/app/1174180/Red_Dead_Redemption_2/?snr=1_7_7_globaltopsellers_150_1
8,极限竞速：地平线 5, 248.00,暂无评价！,https://store.steampowered.com/app/1551360/_5/?snr=1_7_7_globaltopsellers_150_1
9,Marvel's Guardians of the Galaxy, 359.00,"特别好评,1,620 篇用户的游戏评测中有 92% 为好评。",https://store.steampowered.com/app/1088850/Marvels_Guardians_of_the_Galaxy/?snr=1_7_7_globaltopsellers_150_1
10,赛博朋克 2077,199.66,"多半好评,386,328 篇用户的游戏评测中有 76% 为好评。",https://store.steampowered.com/app/1091500/_2077/?snr=1_7_7_globaltopsellers_150_1
11,The Witcher 3: Wild Hunt - Game of the Year Edition,31.60,"好评如潮,524,123 篇用户的捆绑包游戏评测中有 97% 为好评。",https://store.steampowered.com/sub/124923/?snr=1_7_7_globaltopsellers_150_1
12,Inscryption,79.20,"好评如潮,11,956 篇用户的游戏评测中有 95% 为好评。",https://store.steampowered.com/app/1092790/Inscryption/?snr=1_7_7_globaltopsellers_150_1
13,CS:GO - 激流大行动, 96.00,暂无评价！,https://store.steampowered.com/app/1766730/CSGO/?snr=1_7_7_globaltopsellers_150_1
14,DEATHLOOP,131.34,"多半好评,8,744 篇用户的游戏评测中有 76% 为好评。",https://store.steampowered.com/app/1252330/DEATHLOOP/?snr=1_7_7_globaltopsellers_150_1
15,Terraria,18.00,"好评如潮,652,090 篇用户的游戏评测中有 98% 为好评。",https://store.steampowered.com/app/105600/Terraria/?snr=1_7_7_globaltopsellers_150_1
16,Days Gone,186.93,"特别好评,14,762 篇用户的游戏评测中有 92% 为好评。",https://store.steampowered.com/app/1259420/Days_Gone/?snr=1_7_7_globaltopsellers_150_1
17,Rust,107.87,"特别好评,550,861 篇用户的游戏评测中有 87% 为好评。",https://store.steampowered.com/app/252490/Rust/?snr=1_7_7_globaltopsellers_150_1
18,糖豆人：终极淘汰赛,29.00,"特别好评,348,757 篇用户的游戏评测中有 83% 为好评。",https://store.steampowered.com/app/1097150/_/?snr=1_7_7_globaltopsellers_150_1
19,Grand Theft Auto V：豪华版, 58.46,"特别好评,1,101,663 篇用户的捆绑包游戏评测中有 84% 为好评。",https://store.steampowered.com/bundle/5699/Grand_Theft_Auto_V/?snr=1_7_7_globaltopsellers_150_1
20,《质量效应》传奇版,163.68,"特别好评,17,789 篇用户的游戏评测中有 92% 为好评。",https://store.steampowered.com/app/1328670/_/?snr=1_7_7_globaltopsellers_150_1
21,Hades,56.00,"好评如潮,150,220 篇用户的游戏评测中有 98% 为好评。",https://store.steampowered.com/app/1145360/Hades/?snr=1_7_7_globaltopsellers_150_1
22,Hollow Knight,24.00,"好评如潮,158,852 篇用户的游戏评测中有 97% 为好评。",https://store.steampowered.com/app/367520/Hollow_Knight/?snr=1_7_7_globaltopsellers_150_1
23,Football Manager 2022,224.10,"特别好评,1,085 篇用户的游戏评测中有 92% 为好评。",https://store.steampowered.com/app/1569040/Football_Manager_2022/?snr=1_7_7_globaltopsellers_150_1
24,Age of Empires Anthology,443.90,"特别好评,110,202 篇用户的捆绑包游戏评测中有 89% 为好评。",https://store.steampowered.com/bundle/22390/Age_of_Empires_Anthology/?snr=1_7_7_globaltopsellers_150_1
25,Shadow of the Tomb Raider: Definitive Edition,80.15,"特别好评,此产品在一个或多个时间段内出现跑题评测活动。这些时间段内的评测已按您的偏好设置不计入此产品的评测分数。",https://store.steampowered.com/bundle/12231/Shadow_of_the_Tomb_Raider_Definitive_Edition/?snr=1_7_7_globaltopsellers_150_1
26,ARK: Survival Evolved,29.70,"特别好评,375,308 篇用户的游戏评测中有 81% 为好评。",https://store.steampowered.com/app/346110/ARK_Survival_Evolved/?snr=1_7_7_globaltopsellers_150_2
27,7 Days to Die,23.40,"特别好评,129,555 篇用户的游戏评测中有 87% 为好评。",https://store.steampowered.com/app/251570/7_Days_to_Die/?snr=1_7_7_globaltopsellers_150_2
28,Satisfactory,79.20,"好评如潮,62,425 篇用户的游戏评测中有 97% 为好评。",https://store.steampowered.com/app/526870/Satisfactory/?snr=1_7_7_globaltopsellers_150_2
29,Stardew Valley,38.40,"好评如潮,336,598 篇用户的游戏评测中有 97% 为好评。",https://store.steampowered.com/app/413150/Stardew_Valley/?snr=1_7_7_globaltopsellers_150_2
30,底特律：化身为人,64.00,"特别好评,31,579 篇用户的游戏评测中有 91% 为好评。",https://store.steampowered.com/app/1222140/_/?snr=1_7_7_globaltopsellers_150_2
31,Dead by Daylight,41.00,"特别好评,386,969 篇用户的游戏评测中有 82% 为好评。",https://store.steampowered.com/app/381210/Dead_by_Daylight/?snr=1_7_7_globaltopsellers_150_2
32,Sea of Thieves,87.00,"特别好评,144,788 篇用户的游戏评测中有 90% 为好评。",https://store.steampowered.com/app/1172620/Sea_of_Thieves/?snr=1_7_7_globaltopsellers_150_2
33,DEATH STRANDING,119.20,"特别好评,41,467 篇用户的捆绑包游戏评测中有 92% 为好评。",https://store.steampowered.com/sub/489555/?snr=1_7_7_globaltopsellers_150_2
34,Divinity: Original Sin 2 - Definitive Edition,53.00,"好评如潮,114,906 篇用户的游戏评测中有 95% 为好评。",https://store.steampowered.com/app/435150/Divinity_Original_Sin_2__Definitive_Edition/?snr=1_7_7_globaltopsellers_150_2
35,F1? 2021,161.20,"特别好评,8,825 篇用户的游戏评测中有 83% 为好评。",https://store.steampowered.com/app/1134570/F1_2021/?snr=1_7_7_globaltopsellers_150_2
36,New World, 149.00,"多半好评,137,013 篇用户的游戏评测中有 75% 为好评。",https://store.steampowered.com/app/1063730/New_World/?snr=1_7_7_globaltopsellers_150_2
37,双人成行,148.50,"好评如潮,41,496 篇用户的游戏评测中有 95% 为好评。",https://store.steampowered.com/app/1426210/_/?snr=1_7_7_globaltopsellers_150_2
38,BeamNG.drive,64.00,"好评如潮,84,823 篇用户的游戏评测中有 96% 为好评。",https://store.steampowered.com/app/284160/BeamNGdrive/?snr=1_7_7_globaltopsellers_150_2
39,Ori and the Will of the Wisps,29.70,"好评如潮,68,296 篇用户的游戏评测中有 96% 为好评。",https://store.steampowered.com/app/1057090/Ori_and_the_Will_of_the_Wisps/?snr=1_7_7_globaltopsellers_150_2
40,饥荒联机版,12.00,"好评如潮,187,874 篇用户的游戏评测中有 96% 为好评。",https://store.steampowered.com/app/322330/_/?snr=1_7_7_globaltopsellers_150_2
41,饥荒联机版,12.00,"好评如潮,187,874 篇用户的游戏评测中有 96% 为好评。",https://store.steampowered.com/app/322330/_/?snr=1_7_7_globaltopsellers_150_2
42,Hunt: Showdown,74.50,"特别好评,81,940 篇用户的游戏评测中有 83% 为好评。",https://store.steampowered.com/app/594650/Hunt_Showdown/?snr=1_7_7_globaltopsellers_150_2
43,Stellaris: Ultimate Bundle,374.85,"特别好评,91,021 篇用户的捆绑包游戏评测中有 84% 为好评。",https://store.steampowered.com/bundle/21037/Stellaris_Ultimate_Bundle/?snr=1_7_7_globaltopsellers_150_2
44,Friday the 13th: The Game,12.00,"多半好评,51,383 篇用户的游戏评测中有 78% 为好评。",https://store.steampowered.com/app/438740/Friday_the_13th_The_Game/?snr=1_7_7_globaltopsellers_150_2
45,Sid Meier’s Civilization? VI Anthology,193.83,"特别好评,139,348 篇用户的捆绑包游戏评测中有 80% 为好评。",https://store.steampowered.com/bundle/21432/Sid_Meiers_Civilization_VI_Anthology/?snr=1_7_7_globaltopsellers_150_2
46,人间地狱,111.75,"特别好评,34,330 篇用户的游戏评测中有 85% 为好评。",https://store.steampowered.com/app/686810/_/?snr=1_7_7_globaltopsellers_150_2
47,ARK: Ultimate Survivor Edition,155.46,"特别好评,388,931 篇用户的捆绑包游戏评测中有 81% 为好评。",https://store.steampowered.com/bundle/21105/ARK_Ultimate_Survivor_Edition/?snr=1_7_7_globaltopsellers_150_2
48,战地风云? 2042, 248.00,暂无评价！,https://store.steampowered.com/app/1517290/_2042/?snr=1_7_7_globaltopsellers_150_2
49,The Jackbox Party Pack 8, 90.00,"特别好评,195 篇用户的游戏评测中有 90% 为好评。",https://store.steampowered.com/app/1552350/The_Jackbox_Party_Pack_8/?snr=1_7_7_globaltopsellers_150_2
50,Left 4 Dead 2,7.40,"好评如潮,387,072 篇用户的游戏评测中有 97% 为好评。",https://store.steampowered.com/app/550/Left_4_Dead_2/?snr=1_7_7_globaltopsellers_150_2
51,No Man's Sky,78.00,"多半好评,168,349 篇用户的游戏评测中有 71% 为好评。",https://store.steampowered.com/app/275850/No_Mans_Sky/?snr=1_7_7_globaltopsellers_150_3
52,Valheim: 英灵神殿,63.00,"好评如潮,241,133 篇用户的游戏评测中有 95% 为好评。",https://store.steampowered.com/app/892970/Valheim/?snr=1_7_7_globaltopsellers_150_3
53,Rise of the Tomb Raider?,32.00,"特别好评,83,833 篇用户的游戏评测中有 93% 为好评。",https://store.steampowered.com/app/391220/Rise_of_the_Tomb_Raider/?snr=1_7_7_globaltopsellers_150_3
54,Lobotomy Corporation | Monster Management Simulation,27.00,"特别好评,14,354 篇用户的游戏评测中有 93% 为好评。",https://store.steampowered.com/app/568220/Lobotomy_Corporation__Monster_Management_Simulation/?snr=1_7_7_globaltopsellers_150_3
55,Age of Empires II: Definitive Edition,49.50,"特别好评,79,539 篇用户的游戏评测中有 94% 为好评。",https://store.steampowered.com/app/813780/Age_of_Empires_II_Definitive_Edition/?snr=1_7_7_globaltopsellers_150_3
56,超级机器人大战30, 368.00,"特别好评,828 篇用户的游戏评测中有 92% 为好评。",https://store.steampowered.com/app/898750/30/?snr=1_7_7_globaltopsellers_150_3
57,Marvel's Guardians of the Galaxy Deluxe Edition, 409.00,"特别好评,1,627 篇用户的捆绑包游戏评测中有 92% 为好评。",https://store.steampowered.com/bundle/22974/Marvels_Guardians_of_the_Galaxy_Deluxe_Edition/?snr=1_7_7_globaltopsellers_150_3
58,《命运2：邪姬魅影》豪华版+Bungie30周年纪念组合包, 399.00,暂无评价！,https://store.steampowered.com/app/1656360/2Bungie30/?snr=1_7_7_globaltopsellers_150_3
59,Monster Hunter World: Iceborne Master Edition,236.87,"特别好评,此产品在一个或多个时间段内出现跑题评测活动。这些时间段内的评测已按您的偏好设置不计入此产品的评测分数。",https://store.steampowered.com/bundle/13013/Monster_Hunter_World_Iceborne_Master_Edition/?snr=1_7_7_globaltopsellers_150_3
60,黑相集：灰冥界, 148.00,"特别好评,1,191 篇用户的游戏评测中有 88% 为好评。",https://store.steampowered.com/app/1281590/_/?snr=1_7_7_globaltopsellers_150_3
61,Squad,111.75,"特别好评,67,282 篇用户的游戏评测中有 90% 为好评。",https://store.steampowered.com/app/393380/Squad/?snr=1_7_7_globaltopsellers_150_3
62,|方欲　～ 水没した沈愁地z, 70.00,"特别好评,100 篇用户的游戏评测中有 84% 为好评。",https://store.steampowered.com/app/1440500/_/?snr=1_7_7_globaltopsellers_150_3
63,GTFO,82.40,"特别好评,20,521 篇用户的游戏评测中有 88% 为好评。",https://store.steampowered.com/app/493520/GTFO/?snr=1_7_7_globaltopsellers_150_3
64,NBA 2K22,133.33,"褒贬不一,5,745 篇用户的游戏评测中有 46% 为好评。",https://store.steampowered.com/app/1644960/NBA_2K22/?snr=1_7_7_globaltopsellers_150_3
65,极限竞速：地平线 5, 248.00,暂无评价！,https://store.steampowered.com/app/1551360/_5/?snr=1_7_7_globaltopsellers_150_3
66,Tomb Raider Collection,206.73,"特别好评,此产品在一个或多个时间段内出现跑题评测活动。这些时间段内的评测已按您的偏好设置不计入此产品的评测分数。",https://store.steampowered.com/bundle/13831/Tomb_Raider_Collection/?snr=1_7_7_globaltopsellers_150_3
67,命运2: 传说收藏版,152.50,"褒贬不一,6,563 篇用户的捆绑包游戏评测中有 46% 为好评。",https://store.steampowered.com/sub/514915/?snr=1_7_7_globaltopsellers_150_3
68,Tom Clancy's Rainbow Six? Siege,35.20,"特别好评,828,864 篇用户的游戏评测中有 87% 为好评。",https://store.steampowered.com/app/359550/Tom_Clancys_Rainbow_Six_Siege/?snr=1_7_7_globaltopsellers_150_3
69,巫师 3：狂猎,25.40,"好评如潮,511,961 篇用户的游戏评测中有 97% 为好评。",https://store.steampowered.com/app/292030/_3/?snr=1_7_7_globaltopsellers_150_3
70,Bloons TD 6,11.10,"好评如潮,116,169 篇用户的游戏评测中有 97% 为好评。",https://store.steampowered.com/app/960090/Bloons_TD_6/?snr=1_7_7_globaltopsellers_150_3
71,Resident Evil Village,265.32,"好评如潮,38,644 篇用户的捆绑包游戏评测中有 95% 为好评。",https://store.steampowered.com/bundle/16651/Resident_Evil_Village/?snr=1_7_7_globaltopsellers_150_3
72,Grim Dawn Definitive Edition,107.73,"特别好评,59,440 篇用户的捆绑包游戏评测中有 93% 为好评。",https://store.steampowered.com/bundle/12695/Grim_Dawn_Definitive_Edition/?snr=1_7_7_globaltopsellers_150_3
73,Disco Elysium - The Final Cut,63.00,"特别好评,39,759 篇用户的游戏评测中有 94% 为好评。",https://store.steampowered.com/app/632470/Disco_Elysium__The_Final_Cut/?snr=1_7_7_globaltopsellers_150_3
74,CS:GO Prime Status Upgrade, 96.00,"特别好评,5,971,933 篇用户的捆绑包游戏评测中有 88% 为好评。",https://store.steampowered.com/sub/54029/?snr=1_7_7_globaltopsellers_150_3
75,PUBG: BATTLEGROUNDS, 98.00,"褒贬不一,1,526,590 篇用户的游戏评测中有 53% 为好评。",https://store.steampowered.com/app/578080/PUBG_BATTLEGROUNDS/?snr=1_7_7_globaltopsellers_150_3
76,《星球大战 绝地：陨落的武士团?》,89.10,"特别好评,67,048 篇用户的游戏评测中有 90% 为好评。",https://store.steampowered.com/app/1172380/_/?snr=1_7_7_globaltopsellers_150_4
77,Wallpaper Engine：壁纸引擎, 19.00,"好评如潮,387,911 篇用户的软件评测中有 97% 为好评。",https://store.steampowered.com/app/431960/Wallpaper_Engine/?snr=1_7_7_globaltopsellers_150_4
78,Ghostrunner - 幽灵行者,59.20,"特别好评,25,577 篇用户的游戏评测中有 91% 为好评。",https://store.steampowered.com/app/1139900/Ghostrunner/?snr=1_7_7_globaltopsellers_150_4
79,Project Wingman,38.40,"特别好评,7,193 篇用户的游戏评测中有 94% 为好评。",https://store.steampowered.com/app/895870/Project_Wingman/?snr=1_7_7_globaltopsellers_150_4
80,Poppy Playtime, 22.00,"特别好评,2,353 篇用户的游戏评测中有 92% 为好评。",https://store.steampowered.com/app/1721470/Poppy_Playtime/?snr=1_7_7_globaltopsellers_150_4
81,Barotrauma,26.70,"特别好评,11,975 篇用户的游戏评测中有 92% 为好评。",https://store.steampowered.com/app/602960/Barotrauma/?snr=1_7_7_globaltopsellers_150_4
82,Darkest Dungeon?: Ancestral Edition,47.88,"特别好评,93,529 篇用户的捆绑包游戏评测中有 89% 为好评。",https://store.steampowered.com/bundle/3748/Darkest_Dungeon_Ancestral_Edition/?snr=1_7_7_globaltopsellers_150_4
83,Project Zomboid,32.16,"特别好评,37,656 篇用户的游戏评测中有 90% 为好评。",https://store.steampowered.com/app/108600/Project_Zomboid/?snr=1_7_7_globaltopsellers_150_4
84,Psychonauts 2,126.75,"好评如潮,3,444 篇用户的游戏评测中有 97% 为好评。",https://store.steampowered.com/app/607080/Psychonauts_2/?snr=1_7_7_globaltopsellers_150_4
85,Garry's Mod,24.12,"好评如潮,637,250 篇用户的游戏评测中有 96% 为好评。",https://store.steampowered.com/app/4000/Garrys_Mod/?snr=1_7_7_globaltopsellers_150_4
86,World War Z: Aftermath,92.80,"多半好评,2,311 篇用户的游戏评测中有 78% 为好评。",https://store.steampowered.com/app/699130/World_War_Z_Aftermath/?snr=1_7_7_globaltopsellers_150_4
87,Age of Empires III: Definitive Edition,49.50,"多半好评,19,074 篇用户的游戏评测中有 76% 为好评。",https://store.steampowered.com/app/933110/Age_of_Empires_III_Definitive_Edition/?snr=1_7_7_globaltopsellers_150_4
88,Outer Wilds,48.00,"好评如潮,24,848 篇用户的游戏评测中有 95% 为好评。",https://store.steampowered.com/app/753640/Outer_Wilds/?snr=1_7_7_globaltopsellers_150_4
89,Raft, 68.00,"特别好评,119,844 篇用户的游戏评测中有 92% 为好评。",https://store.steampowered.com/app/648800/Raft/?snr=1_7_7_globaltopsellers_150_4
90,战地风云? 2042, 248.00,暂无评价！,https://store.steampowered.com/app/1517290/_2042/?snr=1_7_7_globaltopsellers_150_4
91,Metro Saga Bundle,86.17,"特别好评,148,463 篇用户的捆绑包游戏评测中有 88% 为好评。",https://store.steampowered.com/bundle/13326/Metro_Saga_Bundle/?snr=1_7_7_globaltopsellers_150_4
92,Gloomhaven, 103.00,"特别好评,5,288 篇用户的游戏评测中有 87% 为好评。",https://store.steampowered.com/app/780290/Gloomhaven/?snr=1_7_7_globaltopsellers_150_4
93,Tom Clancy's Rainbow Six? Siege,35.20,"特别好评,828,864 篇用户的游戏评测中有 87% 为好评。",https://store.steampowered.com/app/359550/Tom_Clancys_Rainbow_Six_Siege/?snr=1_7_7_globaltopsellers_150_4
94,Left 4 Dead Bundle,11.10,"好评如潮,416,326 篇用户的捆绑包游戏评测中有 97% 为好评。",https://store.steampowered.com/bundle/233/Left_4_Dead_Bundle/?snr=1_7_7_globaltopsellers_150_4
95,DayZ,119.40,"褒贬不一,232,649 篇用户的游戏评测中有 69% 为好评。",https://store.steampowered.com/app/221100/DayZ/?snr=1_7_7_globaltopsellers_150_4
96,无主之地3,65.67,"特别好评,67,831 篇用户的游戏评测中有 83% 为好评。",https://store.steampowered.com/app/397540/3/?snr=1_7_7_globaltopsellers_150_4
97,The Outer Worlds,65.67,"特别好评,13,462 篇用户的游戏评测中有 85% 为好评。",https://store.steampowered.com/app/578650/The_Outer_Worlds/?snr=1_7_7_globaltopsellers_150_4
98,State of Decay 2: Juggernaut Edition,59.40,"特别好评,24,176 篇用户的游戏评测中有 80% 为好评。",https://store.steampowered.com/app/495420/State_of_Decay_2_Juggernaut_Edition/?snr=1_7_7_globaltopsellers_150_4
99,Monster Hunter: World,133.98,"特别好评,此产品在一个或多个时间段内出现跑题评测活动。这些时间段内的评测已按您的偏好设置不计入此产品的评测分数。",https://store.steampowered.com/app/582010/Monster_Hunter_World/?snr=1_7_7_globaltopsellers_150_4
100,永劫无间, 98.00,"特别好评,52,347 篇用户的游戏评测中有 80% 为好评。",https://store.steampowered.com/app/1203220/_/?snr=1_7_7_globaltopsellers_150_4
101,RimWorld,92.70,"好评如潮,96,741 篇用户的游戏评测中有 98% 为好评。",https://store.steampowered.com/app/294100/RimWorld/?snr=1_7_7_globaltopsellers_150_5
102,喋血复仇, 298.00,"多半好评,11,315 篇用户的游戏评测中有 77% 为好评。",https://store.steampowered.com/app/924970/_/?snr=1_7_7_globaltopsellers_150_5
103,Celeste,17.00,"好评如潮,38,533 篇用户的游戏评测中有 97% 为好评。",https://store.steampowered.com/app/504230/Celeste/?snr=1_7_7_globaltopsellers_150_5
104,Gang Beasts,30.60,"多半好评,26,941 篇用户的游戏评测中有 77% 为好评。",https://store.steampowered.com/app/285900/Gang_Beasts/?snr=1_7_7_globaltopsellers_150_5
105,Sid Meier’s Civilization? VI,29.85,"特别好评,130,850 篇用户的游戏评测中有 82% 为好评。",https://store.steampowered.com/app/289070/Sid_Meiers_Civilization_VI/?snr=1_7_7_globaltopsellers_150_5
106,仙剑奇侠传七, 128.00,"多半好评,4,440 篇用户的游戏评测中有 70% 为好评。",https://store.steampowered.com/app/1543030/_/?snr=1_7_7_globaltopsellers_150_5
107,Assetto Corsa Ultimate Edition,32.84,"特别好评,44,509 篇用户的捆绑包游戏评测中有 91% 为好评。",https://store.steampowered.com/bundle/6998/Assetto_Corsa_Ultimate_Edition/?snr=1_7_7_globaltopsellers_150_5
108,Baldur's Gate 3, 298.00,"特别好评,41,099 篇用户的游戏评测中有 88% 为好评。",https://store.steampowered.com/app/1086940/Baldurs_Gate_3/?snr=1_7_7_globaltopsellers_150_5
109,缺氧,23.20,"好评如潮,69,563 篇用户的游戏评测中有 96% 为好评。",https://store.steampowered.com/app/457140/_/?snr=1_7_7_globaltopsellers_150_5
110,人类一败涂地 / Human Fall Flat,19.72,"特别好评,113,600 篇用户的游戏评测中有 94% 为好评。",https://store.steampowered.com/app/477160/__Human_Fall_Flat/?snr=1_7_7_globaltopsellers_150_5
111,BONEWORKS,72.00,"特别好评,22,467 篇用户的游戏评测中有 91% 为好评。",https://store.steampowered.com/app/823500/BONEWORKS/?snr=1_7_7_globaltopsellers_150_5
112,动物园之星,63.00,"特别好评,40,763 篇用户的游戏评测中有 89% 为好评。",https://store.steampowered.com/app/703080/_/?snr=1_7_7_globaltopsellers_150_5
113,Mortal Kombat 11 Ultimate,57.05,"特别好评,40,760 篇用户的捆绑包游戏评测中有 85% 为好评。",https://store.steampowered.com/sub/518699/?snr=1_7_7_globaltopsellers_150_5
114,侏罗纪世界：进化 2, 163.00,暂无评价！,https://store.steampowered.com/app/1244460/_2/?snr=1_7_7_globaltopsellers_150_5
115,Metro Exodus - Gold Edition,73.20,"特别好评,58,225 篇用户的捆绑包游戏评测中有 88% 为好评。",https://store.steampowered.com/sub/298833/?snr=1_7_7_globaltopsellers_150_5
116,Euro Truck Simulator 2,24.75,"好评如潮,359,644 篇用户的游戏评测中有 97% 为好评。",https://store.steampowered.com/app/227300/Euro_Truck_Simulator_2/?snr=1_7_7_globaltopsellers_150_5
117,Crusader Kings III,110.40,"特别好评,41,403 篇用户的游戏评测中有 93% 为好评。",https://store.steampowered.com/app/1158310/Crusader_Kings_III/?snr=1_7_7_globaltopsellers_150_5
118,Arma 3,29.75,"特别好评,152,592 篇用户的游戏评测中有 90% 为好评。",https://store.steampowered.com/app/107410/Arma_3/?snr=1_7_7_globaltopsellers_150_5
119,World War Z: Aftermath - Deluxe Edition,128.00,"多半好评,2,399 篇用户的捆绑包游戏评测中有 78% 为好评。",https://store.steampowered.com/bundle/21208/World_War_Z_Aftermath__Deluxe_Edition/?snr=1_7_7_globaltopsellers_150_5
120,Dying Light Enhanced Edition,54.50,"特别好评,此产品在一个或多个时间段内出现跑题评测活动。这些时间段内的评测已按您的偏好设置不计入此产品的评测分数。",https://store.steampowered.com/sub/88801/?snr=1_7_7_globaltopsellers_150_5
121,Noita,42.00,"好评如潮,33,909 篇用户的游戏评测中有 95% 为好评。",https://store.steampowered.com/app/881100/Noita/?snr=1_7_7_globaltopsellers_150_5
122,Arma 3 Ultimate Edition,144.63,"特别好评,160,228 篇用户的捆绑包游戏评测中有 89% 为好评。",https://store.steampowered.com/bundle/11256/Arma_3_Ultimate_Edition/?snr=1_7_7_globaltopsellers_150_5
123,《Madden NFL 22》,161.20,"褒贬不一,1,333 篇用户的游戏评测中有 46% 为好评。",https://store.steampowered.com/app/1519350/Madden_NFL_22/?snr=1_7_7_globaltopsellers_150_5
124,Pavlov VR,48.00,"特别好评,24,758 篇用户的游戏评测中有 94% 为好评。",https://store.steampowered.com/app/555160/Pavlov_VR/?snr=1_7_7_globaltopsellers_150_5
125,DEVOUR,17.00,"特别好评,16,010 篇用户的游戏评测中有 90% 为好评。",https://store.steampowered.com/app/1274570/DEVOUR/?snr=1_7_7_globaltopsellers_150_5
126,Mount & Blade II: Bannerlord,223.00,"特别好评,135,008 篇用户的游戏评测中有 87% 为好评。",https://store.steampowered.com/app/261550/Mount__Blade_II_Bannerlord/?snr=1_7_7_globaltopsellers_150_6
127,Devil May Cry 5,130.68,"特别好评,41,072 篇用户的游戏评测中有 94% 为好评。",https://store.steampowered.com/app/601150/Devil_May_Cry_5/?snr=1_7_7_globaltopsellers_150_6
128,MechWarrior 5: Mercenaries: JumpShip Edition,151.20,"特别好评,3,019 篇用户的捆绑包游戏评测中有 81% 为好评。",https://store.steampowered.com/bundle/22567/MechWarrior_5_Mercenaries_JumpShip_Edition/?snr=1_7_7_globaltopsellers_150_6
129,The Riftbreaker 银河破裂者, 89.00,"特别好评,5,244 篇用户的游戏评测中有 91% 为好评。",https://store.steampowered.com/app/780310/The_Riftbreaker/?snr=1_7_7_globaltopsellers_150_6
130,Sid Meier's Civilization VI : Platinum Edition,86.45,"特别好评,138,706 篇用户的捆绑包游戏评测中有 81% 为好评。",https://store.steampowered.com/bundle/12218/Sid_Meiers_Civilization_VI__Platinum_Edition/?snr=1_7_7_globaltopsellers_150_6
131,Outer Wilds - Archaeologist Edition,85.12,"好评如潮,26,968 篇用户的捆绑包游戏评测中有 95% 为好评。",https://store.steampowered.com/bundle/22795/Outer_Wilds__Archaeologist_Edition/?snr=1_7_7_globaltopsellers_150_6
132,Borderlands 3 Ultimate Edition,182.78,"特别好评,68,665 篇用户的捆绑包游戏评测中有 83% 为好评。",https://store.steampowered.com/bundle/16675/Borderlands_3_Ultimate_Edition/?snr=1_7_7_globaltopsellers_150_6
133,Subnautica: Below Zero,79.20,"特别好评,50,933 篇用户的游戏评测中有 91% 为好评。",https://store.steampowered.com/app/848450/Subnautica_Below_Zero/?snr=1_7_7_globaltopsellers_150_6
134,theHunter: Call of the Wild?,18.90,"特别好评,74,127 篇用户的游戏评测中有 86% 为好评。",https://store.steampowered.com/app/518790/theHunter_Call_of_the_Wild/?snr=1_7_7_globaltopsellers_150_6
135,Metro Exodus,59.60,"特别好评,55,265 篇用户的游戏评测中有 88% 为好评。",https://store.steampowered.com/app/412020/Metro_Exodus/?snr=1_7_7_globaltopsellers_150_6
136,小小梦魇2,99.16,"好评如潮,12,220 篇用户的游戏评测中有 95% 为好评。",https://store.steampowered.com/app/860510/2/?snr=1_7_7_globaltopsellers_150_6
137,CODE VEIN,67.00,"特别好评,26,386 篇用户的游戏评测中有 87% 为好评。",https://store.steampowered.com/app/678960/CODE_VEIN/?snr=1_7_7_globaltopsellers_150_6
138,喋血复仇, 298.00,"多半好评,11,315 篇用户的游戏评测中有 77% 为好评。",https://store.steampowered.com/app/924970/_/?snr=1_7_7_globaltopsellers_150_6
139,Stellaris,28.00,"特别好评,81,573 篇用户的游戏评测中有 87% 为好评。",https://store.steampowered.com/app/281990/Stellaris/?snr=1_7_7_globaltopsellers_150_6
140,零 ～濡鸦之巫女～, 249.00,"褒贬不一,1,383 篇用户的游戏评测中有 55% 为好评。",https://store.steampowered.com/app/1732190/_/?snr=1_7_7_globaltopsellers_150_6
141,Overcooked! 2,33.32,"特别好评,23,432 篇用户的游戏评测中有 90% 为好评。",https://store.steampowered.com/app/728880/Overcooked_2/?snr=1_7_7_globaltopsellers_150_6
142,SCUM,77.00,"多半好评,52,576 篇用户的游戏评测中有 73% 为好评。",https://store.steampowered.com/app/513710/SCUM/?snr=1_7_7_globaltopsellers_150_6
143,BIGFOOT,67.99,"多半好评,7,907 篇用户的游戏评测中有 78% 为好评。",https://store.steampowered.com/app/509980/BIGFOOT/?snr=1_7_7_globaltopsellers_150_6
144,Escape Simulator, 50.00,"特别好评,413 篇用户的游戏评测中有 94% 为好评。",https://store.steampowered.com/app/1435790/Escape_Simulator/?snr=1_7_7_globaltopsellers_150_6
145,Voice of Cards: The Isle Dragon Roars, 198.00,"特别好评,107 篇用户的游戏评测中有 84% 为好评。",https://store.steampowered.com/app/1113570/Voice_of_Cards_The_Isle_Dragon_Roars/?snr=1_7_7_globaltopsellers_150_6
146,Timberborn, 80.00,"好评如潮,5,022 篇用户的游戏评测中有 95% 为好评。",https://store.steampowered.com/app/1062090/Timberborn/?snr=1_7_7_globaltopsellers_150_6
147,Cities: Skylines Collection,402.66,"特别好评,135,605 篇用户的捆绑包游戏评测中有 92% 为好评。",https://store.steampowered.com/bundle/2202/Cities_Skylines_Collection/?snr=1_7_7_globaltopsellers_150_6
148,Darkest Dungeon?,15.60,"特别好评,89,201 篇用户的游戏评测中有 90% 为好评。",https://store.steampowered.com/app/262060/Darkest_Dungeon/?snr=1_7_7_globaltopsellers_150_6
149,Euro Truck Simulator 2 Map Booster,106.58,"特别好评,13,673 篇用户的捆绑包游戏评测中有 93% 为好评。",https://store.steampowered.com/bundle/5555/Euro_Truck_Simulator_2_Map_Booster/?snr=1_7_7_globaltopsellers_150_6
150,STAR WARS?: The Old Republic?――卡特尔金币, 23.00,暂无评价！,https://store.steampowered.com/app/1303605/STAR_WARS_The_Old_Republic/?snr=1_7_7_globaltopsellers_150_6
151,STAR WARS?: The Old Republic?――卡特尔金币, 23.00,暂无评价！,https://store.steampowered.com/app/1303605/STAR_WARS_The_Old_Republic/?snr=1_7_7_globaltopsellers_150_7
152,STAR WARS?: The Old Republic?――卡特尔金币, 23.00,暂无评价！,https://store.steampowered.com/app/1303605/STAR_WARS_The_Old_Republic/?snr=1_7_7_globaltopsellers_150_7
153,STAR WARS?: The Old Republic?――卡特尔金币, 23.00,暂无评价！,https://store.steampowered.com/app/1303605/STAR_WARS_The_Old_Republic/?snr=1_7_7_globaltopsellers_150_7
154,STAR WARS?: The Old Republic?――卡特尔金币, 23.00,暂无评价！,https://store.steampowered.com/app/1303605/STAR_WARS_The_Old_Republic/?snr=1_7_7_globaltopsellers_150_7
155,STAR WARS?: The Old Republic?――卡特尔金币, 23.00,暂无评价！,https://store.steampowered.com/app/1303605/STAR_WARS_The_Old_Republic/?snr=1_7_7_globaltopsellers_150_7
156,中世纪王朝,111.20,"特别好评,17,346 篇用户的游戏评测中有 90% 为好评。",https://store.steampowered.com/app/1129580/_/?snr=1_7_7_globaltopsellers_150_7
157,Deep Rock Galactic, 90.00,"好评如潮,79,845 篇用户的游戏评测中有 97% 为好评。",https://store.steampowered.com/app/548430/Deep_Rock_Galactic/?snr=1_7_7_globaltopsellers_150_7
158,战地风云? 2042, 248.00,暂无评价！,https://store.steampowered.com/app/1517290/_2042/?snr=1_7_7_globaltopsellers_150_7
159,Halo: The Master Chief Collection, 116.00,"特别好评,168,567 篇用户的捆绑包游戏评测中有 91% 为好评。",https://store.steampowered.com/sub/376282/?snr=1_7_7_globaltopsellers_150_7
160,Expansion - Hearts of Iron IV: No Step Back, 70.00,暂无评价！,https://store.steampowered.com/app/1348661/Expansion__Hearts_of_Iron_IV_No_Step_Back/?snr=1_7_7_globaltopsellers_150_7
161,Aliens: Fireteam Elite,126.40,"特别好评,9,461 篇用户的游戏评测中有 84% 为好评。",https://store.steampowered.com/app/1549970/Aliens_Fireteam_Elite/?snr=1_7_7_globaltopsellers_150_7
162,胡闹厨房 全都好吃,78.00,"褒贬不一,589 篇用户的游戏评测中有 58% 为好评。",https://store.steampowered.com/app/1243830/_/?snr=1_7_7_globaltopsellers_150_7
163,动物园之星,63.00,"特别好评,40,763 篇用户的游戏评测中有 89% 为好评。",https://store.steampowered.com/app/703080/_/?snr=1_7_7_globaltopsellers_150_7
164,Pathfinder: Wrath of the Righteous, 188.00,"特别好评,9,202 篇用户的游戏评测中有 81% 为好评。",https://store.steampowered.com/app/1184370/Pathfinder_Wrath_of_the_Righteous/?snr=1_7_7_globaltopsellers_150_7
165,Don't Starve MEGA PACK 2021,35.22,"好评如潮,269,698 篇用户的捆绑包游戏评测中有 96% 为好评。",https://store.steampowered.com/bundle/22495/Dont_Starve_MEGA_PACK_2021/?snr=1_7_7_globaltopsellers_150_7
166,Monster Hunter World: Iceborne,168.02,"褒贬不一,此产品在一个或多个时间段内出现跑题评测活动。这些时间段内的评测已按您的偏好设置不计入此产品的评测分数。",https://store.steampowered.com/app/1118010/Monster_Hunter_World_Iceborne/?snr=1_7_7_globaltopsellers_150_7
167,Hunt: Showdown - Collector's Edition,317.97,"特别好评,85,031 篇用户的捆绑包游戏评测中有 83% 为好评。",https://store.steampowered.com/bundle/12841/Hunt_Showdown__Collectors_Edition/?snr=1_7_7_globaltopsellers_150_7
168,Resident Evil 2,87.60,"好评如潮,63,423 篇用户的游戏评测中有 97% 为好评。",https://store.steampowered.com/app/883710/Resident_Evil_2/?snr=1_7_7_globaltopsellers_150_7
169,Middle-earth: Shadow of War Definitive Edition,32.60,"特别好评,52,524 篇用户的捆绑包游戏评测中有 85% 为好评。",https://store.steampowered.com/sub/281112/?snr=1_7_7_globaltopsellers_150_7
170,Conan Exiles,51.60,"多半好评,50,209 篇用户的游戏评测中有 78% 为好评。",https://store.steampowered.com/app/440900/Conan_Exiles/?snr=1_7_7_globaltopsellers_150_7
171,Resident Evil 3,136.62,"多半好评,32,823 篇用户的游戏评测中有 77% 为好评。",https://store.steampowered.com/app/952060/Resident_Evil_3/?snr=1_7_7_globaltopsellers_150_7
172,XCOM: Ultimate Collection,68.62,"特别好评,106,655 篇用户的捆绑包游戏评测中有 84% 为好评。",https://store.steampowered.com/bundle/20109/XCOM_Ultimate_Collection/?snr=1_7_7_globaltopsellers_150_7
173,Hearts of Iron IV: Ultimate Bundle,244.61,"特别好评,118,866 篇用户的捆绑包游戏评测中有 89% 为好评。",https://store.steampowered.com/bundle/22460/Hearts_of_Iron_IV_Ultimate_Bundle/?snr=1_7_7_globaltopsellers_150_7
174,Tomb Raider GOTY,22.10,"好评如潮,123,357 篇用户的捆绑包游戏评测中有 95% 为好评。",https://store.steampowered.com/bundle/15037/Tomb_Raider_GOTY/?snr=1_7_7_globaltopsellers_150_7
175,Stellaris: Starter Pack,119.70,"特别好评,85,179 篇用户的捆绑包游戏评测中有 86% 为好评。",https://store.steampowered.com/bundle/7611/Stellaris_Starter_Pack/?snr=1_7_7_globaltopsellers_150_7
176,Cities: Skylines,22.00,"特别好评,129,057 篇用户的游戏评测中有 93% 为好评。",https://store.steampowered.com/app/255710/Cities_Skylines/?snr=1_7_7_globaltopsellers_150_8
177,The Sims? 4,49.50,"特别好评,29,109 篇用户的游戏评测中有 90% 为好评。",https://store.steampowered.com/app/1222670/The_Sims_4/?snr=1_7_7_globaltopsellers_150_8
178,Monster Hunter World: Iceborne Master Edition Digital Deluxe,287.87,"特别好评,此产品在一个或多个时间段内出现跑题评测活动。这些时间段内的评测已按您的偏好设置不计入此产品的评测分数。",https://store.steampowered.com/bundle/13014/Monster_Hunter_World_Iceborne_Master_Edition_Digital_Deluxe/?snr=1_7_7_globaltopsellers_150_8
179,PICO PARK,17.60,"特别好评,5,668 篇用户的游戏评测中有 91% 为好评。",https://store.steampowered.com/app/1509960/PICO_PARK/?snr=1_7_7_globaltopsellers_150_8
180,theHunter: Call of the Wild?- Complete Collection,196.91,"特别好评,81,847 篇用户的捆绑包游戏评测中有 84% 为好评。",https://store.steampowered.com/bundle/13254/theHunter_Call_of_the_Wild_Complete_Collection/?snr=1_7_7_globaltopsellers_150_8
181,Hollow Knight & Soundtracks,42.40,"好评如潮,159,451 篇用户的捆绑包游戏评测中有 97% 为好评。",https://store.steampowered.com/bundle/2828/Hollow_Knight__Soundtracks/?snr=1_7_7_globaltopsellers_150_8
182,Kingdom Come: Deliverance Royal Edition,39.44,"特别好评,64,610 篇用户的捆绑包游戏评测中有 80% 为好评。",https://store.steampowered.com/sub/368776/?snr=1_7_7_globaltopsellers_150_8
183,Grand Theft Auto IV: The Complete Edition,29.70,"多半好评,76,662 篇用户的游戏评测中有 74% 为好评。",https://store.steampowered.com/app/12210/Grand_Theft_Auto_IV_The_Complete_Edition/?snr=1_7_7_globaltopsellers_150_8
184,Grand Theft Auto: Episodes from Liberty City, 68.00,"多半好评,7,677 篇用户的游戏评测中有 72% 为好评。",https://store.steampowered.com/app/12220/Grand_Theft_Auto_Episodes_from_Liberty_City/?snr=1_7_7_globaltopsellers_150_8
185,Dead Cells,48.00,"好评如潮,73,941 篇用户的游戏评测中有 96% 为好评。",https://store.steampowered.com/app/588650/Dead_Cells/?snr=1_7_7_globaltopsellers_150_8
186,Insurgency: Sandstorm,81.34,"特别好评,63,017 篇用户的游戏评测中有 86% 为好评。",https://store.steampowered.com/app/581320/Insurgency_Sandstorm/?snr=1_7_7_globaltopsellers_150_8
187,Inscryption: Beginner's Deck,87.48,"好评如潮,22,026 篇用户的捆绑包游戏评测中有 95% 为好评。",https://store.steampowered.com/bundle/22859/Inscryption_Beginners_Deck/?snr=1_7_7_globaltopsellers_150_8
188,Hearts of Iron IV: Mobilization Pack,154.61,"特别好评,117,824 篇用户的捆绑包游戏评测中有 89% 为好评。",https://store.steampowered.com/bundle/5641/Hearts_of_Iron_IV_Mobilization_Pack/?snr=1_7_7_globaltopsellers_150_8
189,Factorio, 90.00,"好评如潮,此产品在一个或多个时间段内出现跑题评测活动。这些时间段内的评测已按您的偏好设置不计入此产品的评测分数。",https://store.steampowered.com/app/427520/Factorio/?snr=1_7_7_globaltopsellers_150_8
190,《四海兄弟: 最终版》?,83.40,"特别好评,24,696 篇用户的游戏评测中有 86% 为好评。",https://store.steampowered.com/app/1030840/_/?snr=1_7_7_globaltopsellers_150_8
191,Red Dead Online,70.00,"特别好评,27,856 篇用户的游戏评测中有 82% 为好评。",https://store.steampowered.com/app/1404210/Red_Dead_Online/?snr=1_7_7_globaltopsellers_150_8
192,People Playground,18.00,"好评如潮,64,833 篇用户的游戏评测中有 98% 为好评。",https://store.steampowered.com/app/1118200/People_Playground/?snr=1_7_7_globaltopsellers_150_8
193,Farming Simulator 22, 209.00,暂无评价！,https://store.steampowered.com/app/1248130/Farming_Simulator_22/?snr=1_7_7_globaltopsellers_150_8
194,ULTRAKILL,56.00,"好评如潮,14,063 篇用户的游戏评测中有 99% 为好评。",https://store.steampowered.com/app/1229490/ULTRAKILL/?snr=1_7_7_globaltopsellers_150_8
195,Golf With Your Friends,29.00,"特别好评,29,905 篇用户的游戏评测中有 90% 为好评。",https://store.steampowered.com/app/431240/Golf_With_Your_Friends/?snr=1_7_7_globaltopsellers_150_8
196,ASTRONEER,58.50,"特别好评,70,217 篇用户的游戏评测中有 90% 为好评。",https://store.steampowered.com/app/361420/ASTRONEER/?snr=1_7_7_globaltopsellers_150_8
197,Grounded, 99.00,"特别好评,19,247 篇用户的游戏评测中有 88% 为好评。",https://store.steampowered.com/app/962130/Grounded/?snr=1_7_7_globaltopsellers_150_8
198,《光环 无限》(战役), 248.00,暂无评价！,https://store.steampowered.com/app/1708091/_/?snr=1_7_7_globaltopsellers_150_8
199,房产达人,42.00,"特别好评,44,146 篇用户的游戏评测中有 92% 为好评。",https://store.steampowered.com/app/613100/_/?snr=1_7_7_globaltopsellers_150_8
200,控制 - 终极合辑 / Control Ultimate Edition,79.20,"特别好评,19,562 篇用户的游戏评测中有 89% 为好评。",https://store.steampowered.com/app/870780/____Control_Ultimate_Edition/?snr=1_7_7_globaltopsellers_150_8
201,Euro Truck Simulator 2 Essentials,71.26,"好评如潮,370,530 篇用户的捆绑包游戏评测中有 97% 为好评。",https://store.steampowered.com/bundle/1923/Euro_Truck_Simulator_2_Essentials/?snr=1_7_7_globaltopsellers_150_9
202,Outlast Trinity,31.20,"特别好评,79,677 篇用户的捆绑包游戏评测中有 94% 为好评。",https://store.steampowered.com/bundle/5024/Outlast_Trinity/?snr=1_7_7_globaltopsellers_150_9
203,We Happy Few,24.80,"多半好评,7,293 篇用户的游戏评测中有 75% 为好评。",https://store.steampowered.com/app/320240/We_Happy_Few/?snr=1_7_7_globaltopsellers_150_9
204,破晓传奇, 328.00,"特别好评,11,138 篇用户的游戏评测中有 91% 为好评。",https://store.steampowered.com/app/740130/_/?snr=1_7_7_globaltopsellers_150_9
205,Spiritfarer?,54.00,"好评如潮,12,057 篇用户的游戏评测中有 95% 为好评。",https://store.steampowered.com/app/972660/Spiritfarer/?snr=1_7_7_globaltopsellers_150_9
206,《Resident Evil Village》 & 《Resident Evil 7》捆绑包,396.00,"特别好评,74,284 篇用户的捆绑包游戏评测中有 94% 为好评。",https://store.steampowered.com/sub/538741/?snr=1_7_7_globaltopsellers_150_9
207,绯红结系,213.20,"特别好评,5,904 篇用户的游戏评测中有 85% 为好评。",https://store.steampowered.com/app/775500/_/?snr=1_7_7_globaltopsellers_150_9
208,Mortal Kombat?11,34.50,"特别好评,39,893 篇用户的游戏评测中有 85% 为好评。",https://store.steampowered.com/app/976310/Mortal_Kombat11/?snr=1_7_7_globaltopsellers_150_9
209,Transport Fever 2,63.00,"特别好评,11,693 篇用户的游戏评测中有 86% 为好评。",https://store.steampowered.com/app/1066780/Transport_Fever_2/?snr=1_7_7_globaltopsellers_150_9
210,Resident Evil 7 Biohazard,46.86,"特别好评,34,761 篇用户的游戏评测中有 94% 为好评。",https://store.steampowered.com/app/418370/Resident_Evil_7_Biohazard/?snr=1_7_7_globaltopsellers_150_9
211,Sekiro?: Shadows Die Twice - GOTY Edition, 268.00,"特别好评,108,172 篇用户的游戏评测中有 94% 为好评。",https://store.steampowered.com/app/814380/Sekiro_Shadows_Die_Twice__GOTY_Edition/?snr=1_7_7_globaltopsellers_150_9
212,Legion TD 2 - Multiplayer Tower Defense,56.00,"特别好评,4,715 篇用户的游戏评测中有 82% 为好评。",https://store.steampowered.com/app/469600/Legion_TD_2__Multiplayer_Tower_Defense/?snr=1_7_7_globaltopsellers_150_9
213,PAYDAY 2,7.80,"特别好评,343,908 篇用户的游戏评测中有 89% 为好评。",https://store.steampowered.com/app/218620/PAYDAY_2/?snr=1_7_7_globaltopsellers_150_9
214,Crusader Kings III Royal Edition,180.00,"特别好评,42,222 篇用户的捆绑包游戏评测中有 92% 为好评。",https://store.steampowered.com/sub/452685/?snr=1_7_7_globaltopsellers_150_9
215,Cities: Skylines - New Player Bundle,83.70,"特别好评,130,840 篇用户的捆绑包游戏评测中有 92% 为好评。",https://store.steampowered.com/bundle/15456/Cities_Skylines__New_Player_Bundle/?snr=1_7_7_globaltopsellers_150_9
216,They Are Billions,76.00,"特别好评,32,145 篇用户的游戏评测中有 85% 为好评。",https://store.steampowered.com/app/644930/They_Are_Billions/?snr=1_7_7_globaltopsellers_150_9
217,Pacific Northwest,75.64,"好评如潮,75,057 篇用户的捆绑包游戏评测中有 96% 为好评。",https://store.steampowered.com/bundle/15571/Pacific_Northwest/?snr=1_7_7_globaltopsellers_150_9
218,Scrap Mechanic,45.56,"特别好评,70,277 篇用户的游戏评测中有 92% 为好评。",https://store.steampowered.com/app/387990/Scrap_Mechanic/?snr=1_7_7_globaltopsellers_150_9
219,Black Mesa,27.20,"好评如潮,65,816 篇用户的游戏评测中有 95% 为好评。",https://store.steampowered.com/app/362890/Black_Mesa/?snr=1_7_7_globaltopsellers_150_9
220,Dead Cells: The Fatal Seed Bundle,70.72,"好评如潮,74,919 篇用户的捆绑包游戏评测中有 96% 为好评。",https://store.steampowered.com/bundle/18623/Dead_Cells_The_Fatal_Seed_Bundle/?snr=1_7_7_globaltopsellers_150_9
221,MechWarrior 5: Mercenaries,67.50,"特别好评,2,822 篇用户的游戏评测中有 82% 为好评。",https://store.steampowered.com/app/784080/MechWarrior_5_Mercenaries/?snr=1_7_7_globaltopsellers_150_9
222,命运2：凌光之刻赛季整合版,124.80,"多半差评,840 篇用户的游戏评测中有 33% 为好评。",https://store.steampowered.com/app/1314562/2/?snr=1_7_7_globaltopsellers_150_9
223,Warhammer: Vermintide 2,22.50,"特别好评,58,459 篇用户的游戏评测中有 82% 为好评。",https://store.steampowered.com/app/552500/Warhammer_Vermintide_2/?snr=1_7_7_globaltopsellers_150_9
224,CODE VEIN,67.00,"特别好评,26,386 篇用户的游戏评测中有 87% 为好评。",https://store.steampowered.com/app/678960/CODE_VEIN/?snr=1_7_7_globaltopsellers_150_9
225,Potion Craft: Alchemist Simulator, 50.00,"特别好评,4,165 篇用户的游戏评测中有 93% 为好评。",https://store.steampowered.com/app/1210320/Potion_Craft_Alchemist_Simulator/?snr=1_7_7_globaltopsellers_150_9
226,PAYDAY 2: Legacy Collection,66.75,"特别好评,367,423 篇用户的捆绑包游戏评测中有 88% 为好评。",https://store.steampowered.com/bundle/3756/PAYDAY_2_Legacy_Collection/?snr=1_7_7_globaltopsellers_150_10
227,Plants vs. Zombies GOTY Edition,8.40,"好评如潮,57,573 篇用户的游戏评测中有 96% 为好评。",https://store.steampowered.com/app/3590/Plants_vs_Zombies_GOTY_Edition/?snr=1_7_7_globaltopsellers_150_10
228,Beat Saber, 90.00,"好评如潮,51,478 篇用户的游戏评测中有 96% 为好评。",https://store.steampowered.com/app/620980/Beat_Saber/?snr=1_7_7_globaltopsellers_150_10
229,God of War, 279.00,暂无评价！,https://store.steampowered.com/app/1593500/God_of_War/?snr=1_7_7_globaltopsellers_150_10
230,NEKOPARA,82.08,"好评如潮,62,279 篇用户的捆绑包游戏评测中有 96% 为好评。",https://store.steampowered.com/bundle/676/NEKOPARA/?snr=1_7_7_globaltopsellers_150_10
231,神力科莎：竞速 Assetto Corsa Competizione,55.20,"特别好评,11,355 篇用户的游戏评测中有 90% 为好评。",https://store.steampowered.com/app/805550/_Assetto_Corsa_Competizione/?snr=1_7_7_globaltopsellers_150_10
232,The Elder Scrolls V: Skyrim Special Edition, 129.00,"特别好评,82,071 篇用户的游戏评测中有 94% 为好评。",https://store.steampowered.com/app/489830/The_Elder_Scrolls_V_Skyrim_Special_Edition/?snr=1_7_7_globaltopsellers_150_10
233,光明记忆, 39.00,"特别好评,26,624 篇用户的游戏评测中有 92% 为好评。",https://store.steampowered.com/app/955050/_/?snr=1_7_7_globaltopsellers_150_10
234,Subnautica,79.20,"好评如潮,162,348 篇用户的游戏评测中有 96% 为好评。",https://store.steampowered.com/app/264710/Subnautica/?snr=1_7_7_globaltopsellers_150_10
235,EA Play, 38.00,暂无评价！,https://store.steampowered.com/app/1289670/EA_Play/?snr=1_7_7_globaltopsellers_150_10
236,Among Us,16.50,"特别好评,512,982 篇用户的游戏评测中有 92% 为好评。",https://store.steampowered.com/app/945360/Among_Us/?snr=1_7_7_globaltopsellers_150_10
237,Castle Crashers?,9.00,"好评如潮,62,251 篇用户的游戏评测中有 96% 为好评。",https://store.steampowered.com/app/204360/Castle_Crashers/?snr=1_7_7_globaltopsellers_150_10
238,Tabletop Simulator, 68.00,"好评如潮,28,751 篇用户的游戏评测中有 96% 为好评。",https://store.steampowered.com/app/286160/Tabletop_Simulator/?snr=1_7_7_globaltopsellers_150_10
239,Among Us,16.50,"特别好评,512,982 篇用户的游戏评测中有 92% 为好评。",https://store.steampowered.com/app/945360/Among_Us/?snr=1_7_7_globaltopsellers_150_10
240,The Jackbox Party Pack 7,63.00,"好评如潮,2,229 篇用户的游戏评测中有 97% 为好评。",https://store.steampowered.com/app/1211630/The_Jackbox_Party_Pack_7/?snr=1_7_7_globaltopsellers_150_10
241,Half-Life: Alyx, 163.00,"好评如潮,53,179 篇用户的游戏评测中有 98% 为好评。",https://store.steampowered.com/app/546560/HalfLife_Alyx/?snr=1_7_7_globaltopsellers_150_10
242,Cities: Skylines,22.00,"特别好评,129,057 篇用户的游戏评测中有 93% 为好评。",https://store.steampowered.com/app/255710/Cities_Skylines/?snr=1_7_7_globaltopsellers_150_10
243,Rivals of Aether,45.00,"好评如潮,17,890 篇用户的游戏评测中有 95% 为好评。",https://store.steampowered.com/app/383980/Rivals_of_Aether/?snr=1_7_7_globaltopsellers_150_10
244,命运2：凌光之刻豪华版升级, 127.00,"褒贬不一,137 篇用户的游戏评测中有 48% 为好评。",https://store.steampowered.com/app/1438630/2/?snr=1_7_7_globaltopsellers_150_10
245,Pathfinder: Kingmaker - Imperial Edition Bundle,73.52,"多半好评,19,931 篇用户的捆绑包游戏评测中有 78% 为好评。",https://store.steampowered.com/bundle/11193/Pathfinder_Kingmaker__Imperial_Edition_Bundle/?snr=1_7_7_globaltopsellers_150_10
246,Death's Door,70.40,"特别好评,5,147 篇用户的游戏评测中有 94% 为好评。",https://store.steampowered.com/app/894020/Deaths_Door/?snr=1_7_7_globaltopsellers_150_10
247,Remnant: From the Ashes - Complete Edition,99.84,"特别好评,34,010 篇用户的捆绑包游戏评测中有 84% 为好评。",https://store.steampowered.com/bundle/15367/Remnant_From_the_Ashes__Complete_Edition/?snr=1_7_7_globaltopsellers_150_10
248,Library Of Ruina,120.00,"特别好评,9,335 篇用户的游戏评测中有 91% 为好评。",https://store.steampowered.com/app/1256670/Library_Of_Ruina/?snr=1_7_7_globaltopsellers_150_10
249,Farming Simulator 19,31.20,"特别好评,46,162 篇用户的游戏评测中有 93% 为好评。",https://store.steampowered.com/app/787860/Farming_Simulator_19/?snr=1_7_7_globaltopsellers_150_10
250,雨中冒险 2, 80.00,"好评如潮,111,486 篇用户的游戏评测中有 96% 为好评。",https://store.steampowered.com/app/632360/_2/?snr=1_7_7_globaltopsellers_150_10
